time,"Elevator 1:Floor:Counter","Elevator 2:Floor:Counter","Elevator 2:Floor:Counter"
09:00,1:0:0,2:0:0,3:0:0
09:01,1:0:0,2:0:0,3:0:0
09:02,1:0:0,2:0:0,3:0:0
09:03,1:0:0,2:0:0,3:0:0
09:04,1:0:0,2:0:0,3:0:0
09:05,1:2:2,2:0:0,3:0:0
09:06,1:2:2,2:0:0,3:0:0
09:07,1:2:2,2:0:0,3:0:0
09:08,1:2:2,2:0:0,3:0:0
09:09,1:2:2,2:0:0,3:0:0
09:10,1:2:6,2:1:1,3:0:0
09:11,1:2:6,2:1:1,3:0:0
09:12,1:2:6,2:1:1,3:0:0
09:13,1:2:6,2:1:1,3:0:0
09:14,1:2:6,2:1:1,3:0:0
09:15,1:2:10,2:1:1,3:0:0
09:16,1:2:10,2:1:1,3:0:0
09:17,1:2:10,2:1:1,3:0:0
09:18,1:2:10,2:1:1,3:0:0
09:19,1:2:10,2:1:1,3:0:0
09:20,1:2:14,2:1:3,3:0:0
09:21,1:2:14,2:1:3,3:0:0
09:22,1:2:14,2:1:3,3:0:0
09:23,1:2:14,2:1:3,3:0:0
09:24,1:2:14,2:1:3,3:0:0
09:25,1:2:18,2:1:3,3:0:0
09:26,1:2:18,2:1:3,3:0:0
09:27,1:2:18,2:1:3,3:0:0
09:28,1:2:18,2:1:3,3:0:0
09:29,1:2:18,2:1:3,3:0:0
09:30,1:2:22,2:1:5,3:0:0
09:31,1:2:22,2:1:5,3:0:0
09:32,1:2:22,2:1:5,3:0:0
09:33,1:2:22,2:1:5,3:0:0
09:34,1:2:22,2:1:5,3:0:0
09:35,1:2:26,2:1:5,3:0:0
09:36,1:2:26,2:1:5,3:0:0
09:37,1:2:26,2:1:5,3:0:0
09:38,1:2:26,2:1:5,3:0:0
09:39,1:2:26,2:1:5,3:0:0
09:40,1:2:30,2:1:7,3:0:0
09:41,1:2:30,2:1:7,3:0:0
09:42,1:2:30,2:1:7,3:0:0
09:43,1:2:30,2:1:7,3:0:0
09:44,1:2:30,2:1:7,3:0:0
09:45,1:2:34,2:1:7,3:0:0
09:46,1:2:34,2:1:7,3:0:0
09:47,1:2:34,2:1:7,3:0:0
09:48,1:2:34,2:1:7,3:0:0
09:49,1:2:34,2:1:7,3:0:0
09:50,1:2:38,2:1:9,3:0:0
09:51,1:2:38,2:1:9,3:0:0
09:52,1:2:38,2:1:9,3:0:0
09:53,1:2:38,2:1:9,3:0:0
09:54,1:2:38,2:1:9,3:0:0
09:55,1:2:42,2:1:9,3:0:0
09:56,1:2:42,2:1:9,3:0:0
09:57,1:2:42,2:1:9,3:0:0
09:58,1:2:42,2:1:9,3:0:0
09:59,1:2:42,2:1:9,3:0:0
10:00,1:2:46,2:1:11,3:0:0
10:01,1:2:46,2:1:11,3:0:0
10:02,1:2:46,2:1:11,3:0:0
10:03,1:2:46,2:1:11,3:0:0
10:04,1:2:46,2:1:11,3:0:0
10:05,1:2:50,2:1:11,3:0:0
10:06,1:2:50,2:1:11,3:0:0
10:07,1:2:50,2:1:11,3:0:0
10:08,1:2:50,2:1:11,3:0:0
10:09,1:2:50,2:1:11,3:0:0
10:10,1:2:54,2:1:11,3:0:0
10:11,1:2:54,2:1:11,3:0:0
10:12,1:2:54,2:1:11,3:0:0
10:13,1:2:54,2:1:11,3:0:0
10:14,1:2:54,2:1:11,3:0:0
10:15,1:2:58,2:1:11,3:0:0
10:16,1:2:58,2:1:11,3:0:0
10:17,1:2:58,2:1:11,3:0:0
10:18,1:2:58,2:1:11,3:0:0
10:19,1:2:58,2:1:11,3:0:0
10:20,1:2:62,2:1:11,3:0:0
10:21,1:2:62,2:1:11,3:0:0
10:22,1:2:62,2:1:11,3:0:0
10:23,1:2:62,2:1:11,3:0:0
10:24,1:2:62,2:1:11,3:0:0
10:25,1:2:66,2:1:11,3:0:0
10:26,1:2:66,2:1:11,3:0:0
10:27,1:2:66,2:1:11,3:0:0
10:28,1:2:66,2:1:11,3:0:0
10:29,1:2:66,2:1:11,3:0:0
10:30,1:2:70,2:1:11,3:0:0
10:31,1:2:70,2:1:11,3:0:0
10:32,1:2:70,2:1:11,3:0:0
10:33,1:2:70,2:1:11,3:0:0
10:34,1:2:70,2:1:11,3:0:0
10:35,1:2:74,2:1:11,3:0:0
10:36,1:2:74,2:1:11,3:0:0
10:37,1:2:74,2:1:11,3:0:0
10:38,1:2:74,2:1:11,3:0:0
10:39,1:2:74,2:1:11,3:0:0
10:40,1:2:78,2:1:11,3:0:0
10:41,1:2:78,2:1:11,3:0:0
10:42,1:2:78,2:1:11,3:0:0
10:43,1:2:78,2:1:11,3:0:0
10:44,1:2:78,2:1:11,3:0:0
10:45,1:2:82,2:1:11,3:0:0
10:46,1:2:82,2:1:11,3:0:0
10:47,1:2:82,2:1:11,3:0:0
10:48,1:2:82,2:1:11,3:0:0
10:49,1:2:82,2:1:11,3:0:0
10:50,1:2:86,2:1:11,3:0:0
10:51,1:2:86,2:1:11,3:0:0
10:52,1:2:86,2:1:11,3:0:0
10:53,1:2:86,2:1:11,3:0:0
10:54,1:2:86,2:1:11,3:0:0
10:55,1:2:90,2:1:11,3:0:0
10:56,1:2:90,2:1:11,3:0:0
10:57,1:2:90,2:1:11,3:0:0
10:58,1:2:90,2:1:11,3:0:0
10:59,1:2:90,2:1:11,3:0:0
11:00,1:2:94,2:1:11,3:0:0
11:01,1:2:94,2:1:11,3:0:0
11:02,1:2:94,2:1:11,3:0:0
11:03,1:2:94,2:1:11,3:0:0
11:04,1:2:94,2:1:11,3:0:0
11:05,1:2:94,2:1:11,3:0:0
11:06,1:2:94,2:1:11,3:0:0
11:07,1:2:94,2:1:11,3:0:0
11:08,1:2:94,2:1:11,3:0:0
11:09,1:2:94,2:1:11,3:0:0
11:10,1:2:94,2:1:11,3:0:0
11:11,1:2:94,2:1:11,3:0:0
11:12,1:2:94,2:1:11,3:0:0
11:13,1:2:94,2:1:11,3:0:0
11:14,1:2:94,2:1:11,3:0:0
11:15,1:2:94,2:1:11,3:0:0
11:16,1:2:94,2:1:11,3:0:0
11:17,1:2:94,2:1:11,3:0:0
11:18,1:2:94,2:1:11,3:0:0
11:19,1:2:94,2:1:11,3:0:0
11:20,1:1:97,2:2:14,3:3:3
11:21,1:1:97,2:2:14,3:3:3
11:22,1:1:97,2:2:14,3:3:3
11:23,1:1:97,2:2:14,3:3:3
11:24,1:1:97,2:2:14,3:3:3
11:25,1:1:97,2:2:14,3:3:3
11:26,1:1:97,2:2:14,3:3:3
11:27,1:1:97,2:2:14,3:3:3
11:28,1:1:97,2:2:14,3:3:3
11:29,1:1:97,2:2:14,3:3:3
11:30,1:1:97,2:2:14,3:3:3
11:31,1:1:97,2:2:14,3:3:3
11:32,1:1:97,2:2:14,3:3:3
11:33,1:1:97,2:2:14,3:3:3
11:34,1:1:97,2:2:14,3:3:3
11:35,1:1:97,2:2:14,3:3:3
11:36,1:1:97,2:2:14,3:3:3
11:37,1:1:97,2:2:14,3:3:3
11:38,1:1:97,2:2:14,3:3:3
11:39,1:1:97,2:2:14,3:3:3
11:40,1:1:99,2:2:18,3:3:9
11:41,1:1:99,2:2:18,3:3:9
11:42,1:1:99,2:2:18,3:3:9
11:43,1:1:99,2:2:18,3:3:9
11:44,1:1:99,2:2:18,3:3:9
11:45,1:1:99,2:2:18,3:3:9
11:46,1:1:99,2:2:18,3:3:9
11:47,1:1:99,2:2:18,3:3:9
11:48,1:1:99,2:2:18,3:3:9
11:49,1:1:99,2:2:18,3:3:9
11:50,1:1:99,2:2:18,3:3:9
11:51,1:1:99,2:2:18,3:3:9
11:52,1:1:99,2:2:18,3:3:9
11:53,1:1:99,2:2:18,3:3:9
11:54,1:1:99,2:2:18,3:3:9
11:55,1:1:99,2:2:18,3:3:9
11:56,1:1:99,2:2:18,3:3:9
11:57,1:1:99,2:2:18,3:3:9
11:58,1:1:99,2:2:18,3:3:9
11:59,1:1:99,2:2:18,3:3:9
12:00,1:1:101,2:2:22,3:3:15
12:01,1:1:101,2:2:22,3:3:15
12:02,1:1:101,2:2:22,3:3:15
12:03,1:1:101,2:2:22,3:3:15
12:04,1:1:101,2:2:22,3:3:15
12:05,1:1:101,2:2:22,3:3:15
12:06,1:1:101,2:2:22,3:3:15
12:07,1:1:101,2:2:22,3:3:15
12:08,1:1:101,2:2:22,3:3:15
12:09,1:1:101,2:2:22,3:3:15
12:10,1:1:101,2:2:22,3:3:15
12:11,1:1:101,2:2:22,3:3:15
12:12,1:1:101,2:2:22,3:3:15
12:13,1:1:101,2:2:22,3:3:15
12:14,1:1:101,2:2:22,3:3:15
12:15,1:1:101,2:2:22,3:3:15
12:16,1:1:101,2:2:22,3:3:15
12:17,1:1:101,2:2:22,3:3:15
12:18,1:1:101,2:2:22,3:3:15
12:19,1:1:101,2:2:22,3:3:15
12:20,1:1:103,2:2:26,3:3:21
12:21,1:1:103,2:2:26,3:3:21
12:22,1:1:103,2:2:26,3:3:21
12:23,1:1:103,2:2:26,3:3:21
12:24,1:1:103,2:2:26,3:3:21
12:25,1:1:103,2:2:26,3:3:21
12:26,1:1:103,2:2:26,3:3:21
12:27,1:1:103,2:2:26,3:3:21
12:28,1:1:103,2:2:26,3:3:21
12:29,1:1:103,2:2:26,3:3:21
12:30,1:1:103,2:2:26,3:3:21
12:31,1:1:103,2:2:26,3:3:21
12:32,1:1:103,2:2:26,3:3:21
12:33,1:1:103,2:2:26,3:3:21
12:34,1:1:103,2:2:26,3:3:21
12:35,1:1:103,2:2:26,3:3:21
12:36,1:1:103,2:2:26,3:3:21
12:37,1:1:103,2:2:26,3:3:21
12:38,1:1:103,2:2:26,3:3:21
12:39,1:1:103,2:2:26,3:3:21
12:40,1:1:105,2:2:30,3:3:27
12:41,1:1:105,2:2:30,3:3:27
12:42,1:1:105,2:2:30,3:3:27
12:43,1:1:105,2:2:30,3:3:27
12:44,1:1:105,2:2:30,3:3:27
12:45,1:1:105,2:2:30,3:3:27
12:46,1:1:105,2:2:30,3:3:27
12:47,1:1:105,2:2:30,3:3:27
12:48,1:1:105,2:2:30,3:3:27
12:49,1:1:105,2:2:30,3:3:27
12:50,1:1:105,2:2:30,3:3:27
12:51,1:1:105,2:2:30,3:3:27
12:52,1:1:105,2:2:30,3:3:27
12:53,1:1:105,2:2:30,3:3:27
12:54,1:1:105,2:2:30,3:3:27
12:55,1:1:105,2:2:30,3:3:27
12:56,1:1:105,2:2:30,3:3:27
12:57,1:1:105,2:2:30,3:3:27
12:58,1:1:105,2:2:30,3:3:27
12:59,1:1:105,2:2:30,3:3:27
13:00,1:1:107,2:2:34,3:3:33
13:01,1:1:107,2:2:34,3:3:33
13:02,1:1:107,2:2:34,3:3:33
13:03,1:1:107,2:2:34,3:3:33
13:04,1:1:107,2:2:34,3:3:33
13:05,1:1:107,2:2:34,3:3:33
13:06,1:1:107,2:2:34,3:3:33
13:07,1:1:107,2:2:34,3:3:33
13:08,1:1:107,2:2:34,3:3:33
13:09,1:1:107,2:2:34,3:3:33
13:10,1:1:107,2:2:34,3:3:33
13:11,1:1:107,2:2:34,3:3:33
13:12,1:1:107,2:2:34,3:3:33
13:13,1:1:107,2:2:34,3:3:33
13:14,1:1:107,2:2:34,3:3:33
13:15,1:1:107,2:2:34,3:3:33
13:16,1:1:107,2:2:34,3:3:33
13:17,1:1:107,2:2:34,3:3:33
13:18,1:1:107,2:2:34,3:3:33
13:19,1:1:107,2:2:34,3:3:33
13:20,1:1:109,2:2:38,3:3:39
13:21,1:1:109,2:2:38,3:3:39
13:22,1:1:109,2:2:38,3:3:39
13:23,1:1:109,2:2:38,3:3:39
13:24,1:1:109,2:2:38,3:3:39
13:25,1:1:109,2:2:38,3:3:39
13:26,1:1:109,2:2:38,3:3:39
13:27,1:1:109,2:2:38,3:3:39
13:28,1:1:109,2:2:38,3:3:39
13:29,1:1:109,2:2:38,3:3:39
13:30,1:1:109,2:2:38,3:3:39
13:31,1:1:109,2:2:38,3:3:39
13:32,1:1:109,2:2:38,3:3:39
13:33,1:1:109,2:2:38,3:3:39
13:34,1:1:109,2:2:38,3:3:39
13:35,1:1:109,2:2:38,3:3:39
13:36,1:1:109,2:2:38,3:3:39
13:37,1:1:109,2:2:38,3:3:39
13:38,1:1:109,2:2:38,3:3:39
13:39,1:1:109,2:2:38,3:3:39
13:40,1:1:111,2:2:42,3:3:45
13:41,1:1:111,2:2:42,3:3:45
13:42,1:1:111,2:2:42,3:3:45
13:43,1:1:111,2:2:42,3:3:45
13:44,1:1:111,2:2:42,3:3:45
13:45,1:1:111,2:2:42,3:3:45
13:46,1:1:111,2:2:42,3:3:45
13:47,1:1:111,2:2:42,3:3:45
13:48,1:1:111,2:2:42,3:3:45
13:49,1:1:111,2:2:42,3:3:45
13:50,1:1:111,2:2:42,3:3:45
13:51,1:1:111,2:2:42,3:3:45
13:52,1:1:111,2:2:42,3:3:45
13:53,1:1:111,2:2:42,3:3:45
13:54,1:1:111,2:2:42,3:3:45
13:55,1:1:111,2:2:42,3:3:45
13:56,1:1:111,2:2:42,3:3:45
13:57,1:1:111,2:2:42,3:3:45
13:58,1:1:111,2:2:42,3:3:45
13:59,1:1:111,2:2:42,3:3:45
14:00,1:1:113,2:2:46,3:3:51
14:01,1:1:113,2:2:46,3:3:51
14:02,1:1:113,2:2:46,3:3:51
14:03,1:1:113,2:2:46,3:3:51
14:04,1:0:114,2:0:48,3:0:54
14:05,1:0:114,2:0:48,3:0:54
14:06,1:0:114,2:0:48,3:0:54
14:07,1:0:114,2:0:48,3:0:54
14:08,1:0:116,2:0:52,3:0:60
14:09,1:0:116,2:0:52,3:0:60
14:10,1:0:116,2:0:52,3:0:60
14:11,1:0:116,2:0:52,3:0:60
14:12,1:0:118,2:0:56,3:0:66
14:13,1:0:118,2:0:56,3:0:66
14:14,1:0:118,2:0:56,3:0:66
14:15,1:0:118,2:0:56,3:0:66
14:16,1:0:120,2:0:60,3:0:72
14:17,1:0:120,2:0:60,3:0:72
14:18,1:0:120,2:0:60,3:0:72
14:19,1:0:120,2:0:60,3:0:72
14:20,1:0:120,2:0:60,3:0:72
14:21,1:0:120,2:0:60,3:0:72
14:22,1:0:120,2:0:60,3:0:72
14:23,1:0:120,2:0:60,3:0:72
14:24,1:0:122,2:0:64,3:0:78
14:25,1:0:122,2:0:64,3:0:78
14:26,1:0:122,2:0:64,3:0:78
14:27,1:0:122,2:0:64,3:0:78
14:28,1:0:124,2:0:68,3:0:84
14:29,1:0:124,2:0:68,3:0:84
14:30,1:0:124,2:0:68,3:0:84
14:31,1:0:124,2:0:68,3:0:84
14:32,1:0:126,2:0:72,3:0:90
14:33,1:0:126,2:0:72,3:0:90
14:34,1:0:126,2:0:72,3:0:90
14:35,1:0:126,2:0:72,3:0:90
14:36,1:0:128,2:0:76,3:0:96
14:37,1:0:128,2:0:76,3:0:96
14:38,1:0:128,2:0:76,3:0:96
14:39,1:0:128,2:0:76,3:0:96
14:40,1:0:128,2:0:76,3:0:96
14:41,1:0:128,2:0:76,3:0:96
14:42,1:0:128,2:0:76,3:0:96
14:43,1:0:128,2:0:76,3:0:96
14:44,1:0:130,2:0:80,3:0:102
14:45,1:0:130,2:0:80,3:0:102
14:46,1:0:130,2:0:80,3:0:102
14:47,1:0:130,2:0:80,3:0:102
14:48,1:0:132,2:0:84,3:0:108
14:49,1:0:132,2:0:84,3:0:108
14:50,1:0:132,2:0:84,3:0:108
14:51,1:0:132,2:0:84,3:0:108
14:52,1:0:134,2:0:88,3:0:114
14:53,1:0:134,2:0:88,3:0:114
14:54,1:0:134,2:0:88,3:0:114
14:55,1:0:134,2:0:88,3:0:114
14:56,1:0:136,2:0:92,3:0:120
14:57,1:0:136,2:0:92,3:0:120
14:58,1:0:136,2:0:92,3:0:120
14:59,1:0:136,2:0:92,3:0:120
15:00,1:0:136,2:0:92,3:0:120
15:01,1:0:136,2:0:92,3:0:120
15:02,1:0:136,2:0:92,3:0:120
15:03,1:0:136,2:0:92,3:0:120
15:04,1:0:136,2:0:92,3:0:120
15:05,1:0:136,2:0:92,3:0:120
15:06,1:0:136,2:0:92,3:0:120
15:07,1:0:136,2:0:92,3:0:120
15:08,1:0:136,2:0:92,3:0:120
15:09,1:0:136,2:0:92,3:0:120
15:10,1:0:136,2:0:92,3:0:120
15:11,1:0:136,2:0:92,3:0:120
15:12,1:0:136,2:0:92,3:0:120
15:13,1:0:136,2:0:92,3:0:120
15:14,1:0:136,2:0:92,3:0:120
15:15,1:0:136,2:0:92,3:0:120
15:16,1:0:136,2:0:92,3:0:120
15:17,1:0:136,2:0:92,3:0:120
15:18,1:0:136,2:0:92,3:0:120
15:19,1:0:136,2:0:92,3:0:120
15:20,1:1:137,2:2:94,3:3:123
15:21,1:1:137,2:2:94,3:3:123
15:22,1:1:137,2:2:94,3:3:123
15:23,1:1:137,2:2:94,3:3:123
15:24,1:1:137,2:2:94,3:3:123
15:25,1:1:137,2:2:94,3:3:123
15:26,1:1:137,2:2:94,3:3:123
15:27,1:1:137,2:2:94,3:3:123
15:28,1:1:137,2:2:94,3:3:123
15:29,1:1:137,2:2:94,3:3:123
15:30,1:1:137,2:2:94,3:3:123
15:31,1:1:137,2:2:94,3:3:123
15:32,1:1:137,2:2:94,3:3:123
15:33,1:1:137,2:2:94,3:3:123
15:34,1:1:137,2:2:94,3:3:123
15:35,1:1:137,2:2:94,3:3:123
15:36,1:1:137,2:2:94,3:3:123
15:37,1:1:137,2:2:94,3:3:123
15:38,1:1:137,2:2:94,3:3:123
15:39,1:1:137,2:2:94,3:3:123
15:40,1:1:139,2:2:98,3:3:129
15:41,1:1:139,2:2:98,3:3:129
15:42,1:1:139,2:2:98,3:3:129
15:43,1:1:139,2:2:98,3:3:129
15:44,1:1:139,2:2:98,3:3:129
15:45,1:1:139,2:2:98,3:3:129
15:46,1:1:139,2:2:98,3:3:129
15:47,1:1:139,2:2:98,3:3:129
15:48,1:1:139,2:2:98,3:3:129
15:49,1:1:139,2:2:98,3:3:129
15:50,1:1:139,2:2:98,3:3:129
15:51,1:1:139,2:2:98,3:3:129
15:52,1:1:139,2:2:98,3:3:129
15:53,1:1:139,2:2:98,3:3:129
15:54,1:1:139,2:2:98,3:3:129
15:55,1:1:139,2:2:98,3:3:129
15:56,1:1:139,2:2:98,3:3:129
15:57,1:1:139,2:2:98,3:3:129
15:58,1:1:139,2:2:98,3:3:129
15:59,1:1:139,2:2:98,3:3:129
16:00,1:1:141,2:2:102,3:3:135
16:01,1:1:141,2:2:102,3:3:135
16:02,1:1:141,2:2:102,3:3:135
16:03,1:1:141,2:2:102,3:3:135
16:04,1:1:141,2:2:102,3:3:135
16:05,1:1:141,2:2:102,3:3:135
16:06,1:1:141,2:2:102,3:3:135
16:07,1:1:141,2:2:102,3:3:135
16:08,1:1:141,2:2:102,3:3:135
16:09,1:1:141,2:2:102,3:3:135
16:10,1:1:141,2:2:102,3:3:135
16:11,1:1:141,2:2:102,3:3:135
16:12,1:1:141,2:2:102,3:3:135
16:13,1:1:141,2:2:102,3:3:135
16:14,1:1:141,2:2:102,3:3:135
16:15,1:1:141,2:2:102,3:3:135
16:16,1:1:141,2:2:102,3:3:135
16:17,1:1:141,2:2:102,3:3:135
16:18,1:1:141,2:2:102,3:3:135
16:19,1:1:141,2:2:102,3:3:135
16:20,1:1:143,2:2:106,3:3:141
16:21,1:1:143,2:2:106,3:3:141
16:22,1:1:143,2:2:106,3:3:141
16:23,1:1:143,2:2:106,3:3:141
16:24,1:1:143,2:2:106,3:3:141
16:25,1:1:143,2:2:106,3:3:141
16:26,1:1:143,2:2:106,3:3:141
16:27,1:1:143,2:2:106,3:3:141
16:28,1:1:143,2:2:106,3:3:141
16:29,1:1:143,2:2:106,3:3:141
16:30,1:1:143,2:2:106,3:3:141
16:31,1:1:143,2:2:106,3:3:141
16:32,1:1:143,2:2:106,3:3:141
16:33,1:1:143,2:2:106,3:3:141
16:34,1:1:143,2:2:106,3:3:141
16:35,1:1:143,2:2:106,3:3:141
16:36,1:1:143,2:2:106,3:3:141
16:37,1:1:143,2:2:106,3:3:141
16:38,1:1:143,2:2:106,3:3:141
16:39,1:1:143,2:2:106,3:3:141
16:40,1:1:145,2:2:110,3:3:147
16:41,1:1:145,2:2:110,3:3:147
16:42,1:1:145,2:2:110,3:3:147
16:43,1:1:145,2:2:110,3:3:147
16:44,1:1:145,2:2:110,3:3:147
16:45,1:1:145,2:2:110,3:3:147
16:46,1:1:145,2:2:110,3:3:147
16:47,1:1:145,2:2:110,3:3:147
16:48,1:1:145,2:2:110,3:3:147
16:49,1:1:145,2:2:110,3:3:147
16:50,1:1:145,2:2:110,3:3:147
16:51,1:1:145,2:2:110,3:3:147
16:52,1:1:145,2:2:110,3:3:147
16:53,1:1:145,2:2:110,3:3:147
16:54,1:1:145,2:2:110,3:3:147
16:55,1:1:145,2:2:110,3:3:147
16:56,1:1:145,2:2:110,3:3:147
16:57,1:1:145,2:2:110,3:3:147
16:58,1:1:145,2:2:110,3:3:147
16:59,1:1:145,2:2:110,3:3:147
17:00,1:1:147,2:2:114,3:3:153
17:01,1:1:147,2:2:114,3:3:153
17:02,1:1:147,2:2:114,3:3:153
17:03,1:1:147,2:2:114,3:3:153
17:04,1:1:147,2:2:114,3:3:153
17:05,1:1:147,2:2:114,3:3:153
17:06,1:1:147,2:2:114,3:3:153
17:07,1:1:147,2:2:114,3:3:153
17:08,1:1:147,2:2:114,3:3:153
17:09,1:1:147,2:2:114,3:3:153
17:10,1:1:147,2:2:114,3:3:153
17:11,1:1:147,2:2:114,3:3:153
17:12,1:1:147,2:2:114,3:3:153
17:13,1:1:147,2:2:114,3:3:153
17:14,1:1:147,2:2:114,3:3:153
17:15,1:1:147,2:2:114,3:3:153
17:16,1:1:147,2:2:114,3:3:153
17:17,1:1:147,2:2:114,3:3:153
17:18,1:1:147,2:2:114,3:3:153
17:19,1:1:147,2:2:114,3:3:153
17:20,1:1:149,2:2:118,3:3:159
17:21,1:1:149,2:2:118,3:3:159
17:22,1:1:149,2:2:118,3:3:159
17:23,1:1:149,2:2:118,3:3:159
17:24,1:1:149,2:2:118,3:3:159
17:25,1:1:149,2:2:118,3:3:159
17:26,1:1:149,2:2:118,3:3:159
17:27,1:1:149,2:2:118,3:3:159
17:28,1:1:149,2:2:118,3:3:159
17:29,1:1:149,2:2:118,3:3:159
17:30,1:1:149,2:2:118,3:3:159
17:31,1:1:149,2:2:118,3:3:159
17:32,1:1:149,2:2:118,3:3:159
17:33,1:1:149,2:2:118,3:3:159
17:34,1:1:149,2:2:118,3:3:159
17:35,1:1:149,2:2:118,3:3:159
17:36,1:1:149,2:2:118,3:3:159
17:37,1:1:149,2:2:118,3:3:159
17:38,1:1:149,2:2:118,3:3:159
17:39,1:1:149,2:2:118,3:3:159
17:40,1:1:151,2:2:122,3:3:165
17:41,1:1:151,2:2:122,3:3:165
17:42,1:1:151,2:2:122,3:3:165
17:43,1:1:151,2:2:122,3:3:165
17:44,1:1:151,2:2:122,3:3:165
17:45,1:1:151,2:2:122,3:3:165
17:46,1:1:151,2:2:122,3:3:165
17:47,1:1:151,2:2:122,3:3:165
17:48,1:1:151,2:2:122,3:3:165
17:49,1:1:151,2:2:122,3:3:165
17:50,1:1:151,2:2:122,3:3:165
17:51,1:1:151,2:2:122,3:3:165
17:52,1:1:151,2:2:122,3:3:165
17:53,1:1:151,2:2:122,3:3:165
17:54,1:1:151,2:2:122,3:3:165
17:55,1:1:151,2:2:122,3:3:165
17:56,1:1:151,2:2:122,3:3:165
17:57,1:1:151,2:2:122,3:3:165
17:58,1:1:151,2:2:122,3:3:165
17:59,1:1:151,2:2:122,3:3:165
18:00,1:1:153,2:2:126,3:3:171
18:01,1:1:153,2:2:126,3:3:171
18:02,1:1:153,2:2:126,3:3:171
18:03,1:1:153,2:2:126,3:3:171
18:04,1:1:153,2:2:126,3:3:171
18:05,1:1:153,2:2:126,3:3:171
18:06,1:1:153,2:2:126,3:3:171
18:07,1:1:153,2:2:126,3:3:171
18:08,1:1:153,2:2:126,3:3:171
18:09,1:1:153,2:2:126,3:3:171
18:10,1:1:153,2:2:126,3:3:171
18:11,1:1:153,2:2:126,3:3:171
18:12,1:1:153,2:2:126,3:3:171
18:13,1:1:153,2:2:126,3:3:171
18:14,1:1:153,2:2:126,3:3:171
18:15,1:1:153,2:2:126,3:3:171
18:16,1:1:153,2:2:126,3:3:171
18:17,1:1:153,2:2:126,3:3:171
18:18,1:1:153,2:2:126,3:3:171
18:19,1:1:153,2:2:126,3:3:171
18:20,1:1:155,2:2:130,3:3:177
18:21,1:1:155,2:2:130,3:3:177
18:22,1:1:155,2:2:130,3:3:177
18:23,1:1:155,2:2:130,3:3:177
18:24,1:1:155,2:2:130,3:3:177
18:25,1:1:155,2:2:130,3:3:177
18:26,1:1:155,2:2:130,3:3:177
18:27,1:1:155,2:2:130,3:3:177
18:28,1:1:155,2:2:130,3:3:177
18:29,1:1:155,2:2:130,3:3:177
18:30,1:1:155,2:2:130,3:3:177
18:31,1:1:155,2:2:130,3:3:177
18:32,1:1:155,2:2:130,3:3:177
18:33,1:1:155,2:2:130,3:3:177
18:34,1:1:155,2:2:130,3:3:177
18:35,1:1:155,2:2:130,3:3:177
18:36,1:1:155,2:2:130,3:3:177
18:37,1:1:155,2:2:130,3:3:177
18:38,1:1:155,2:2:130,3:3:177
18:39,1:1:155,2:2:130,3:3:177
18:40,1:1:155,2:2:130,3:3:177
18:41,1:1:155,2:2:130,3:3:177
18:42,1:1:155,2:2:130,3:3:177
18:43,1:1:155,2:2:130,3:3:177
18:44,1:1:155,2:2:130,3:3:177
18:45,1:1:155,2:2:130,3:3:177
18:46,1:1:155,2:2:130,3:3:177
18:47,1:1:155,2:2:130,3:3:177
18:48,1:1:155,2:2:130,3:3:177
18:49,1:1:155,2:2:130,3:3:177
18:50,1:1:155,2:2:130,3:3:177
18:51,1:1:155,2:2:130,3:3:177
18:52,1:1:155,2:2:130,3:3:177
18:53,1:1:155,2:2:130,3:3:177
18:54,1:1:155,2:2:130,3:3:177
18:55,1:1:155,2:2:130,3:3:177
18:56,1:1:155,2:2:130,3:3:177
18:57,1:1:155,2:2:130,3:3:177
18:58,1:1:155,2:2:130,3:3:177
18:59,1:1:155,2:2:130,3:3:177
19:00,1:1:155,2:2:130,3:3:177
19:01,1:1:155,2:2:130,3:3:177
19:02,1:1:155,2:2:130,3:3:177
19:03,1:1:155,2:2:130,3:3:177
19:04,1:1:155,2:2:130,3:3:177
19:05,1:1:155,2:2:130,3:3:177
19:06,1:1:155,2:2:130,3:3:177
19:07,1:1:155,2:2:130,3:3:177
19:08,1:1:155,2:2:130,3:3:177
19:09,1:1:155,2:2:130,3:3:177
19:10,1:1:155,2:2:130,3:3:177
19:11,1:1:155,2:2:130,3:3:177
19:12,1:1:155,2:2:130,3:3:177
19:13,1:1:155,2:2:130,3:3:177
19:14,1:1:155,2:2:130,3:3:177
19:15,1:1:155,2:2:130,3:3:177
19:16,1:1:155,2:2:130,3:3:177
19:17,1:1:155,2:2:130,3:3:177
19:18,1:1:155,2:2:130,3:3:177
19:19,1:1:155,2:2:130,3:3:177
19:20,1:1:155,2:2:130,3:3:177
19:21,1:1:155,2:2:130,3:3:177
19:22,1:1:155,2:2:130,3:3:177
19:23,1:1:155,2:2:130,3:3:177
19:24,1:1:155,2:2:130,3:3:177
19:25,1:1:155,2:2:130,3:3:177
19:26,1:1:155,2:2:130,3:3:177
19:27,1:1:155,2:2:130,3:3:177
19:28,1:1:155,2:2:130,3:3:177
19:29,1:1:155,2:2:130,3:3:177
19:30,1:1:155,2:2:130,3:3:177
19:31,1:1:155,2:2:130,3:3:177
19:32,1:1:155,2:2:130,3:3:177
19:33,1:1:155,2:2:130,3:3:177
19:34,1:1:155,2:2:130,3:3:177
19:35,1:1:155,2:2:130,3:3:177
19:36,1:1:155,2:2:130,3:3:177
19:37,1:1:155,2:2:130,3:3:177
19:38,1:1:155,2:2:130,3:3:177
19:39,1:1:155,2:2:130,3:3:177
19:40,1:1:155,2:2:130,3:3:177
19:41,1:1:155,2:2:130,3:3:177
19:42,1:1:155,2:2:130,3:3:177
19:43,1:1:155,2:2:130,3:3:177
19:44,1:1:155,2:2:130,3:3:177
19:45,1:1:155,2:2:130,3:3:177
19:46,1:1:155,2:2:130,3:3:177
19:47,1:1:155,2:2:130,3:3:177
19:48,1:1:155,2:2:130,3:3:177
19:49,1:1:155,2:2:130,3:3:177
19:50,1:1:155,2:2:130,3:3:177
19:51,1:1:155,2:2:130,3:3:177
19:52,1:1:155,2:2:130,3:3:177
19:53,1:1:155,2:2:130,3:3:177
19:54,1:1:155,2:2:130,3:3:177
19:55,1:1:155,2:2:130,3:3:177
19:56,1:1:155,2:2:130,3:3:177
19:57,1:1:155,2:2:130,3:3:177
19:58,1:1:155,2:2:130,3:3:177
19:59,1:1:155,2:2:130,3:3:177
"Elevator 1: 155 floors"
"Elevator 2: 130 floors"
"Elevator 3: 177 floors"
14:20,"6 journeys at the same time"
14:40,"6 journeys at the same time"
15:00,"6 journeys at the same time"
